{
  "total_configs": 27,
  "completed_configs": 4,
  "current_config_idx": 4,
  "start_time": 1769453542.6865504,
  "last_save_time": 1769453542.686597,
  "completed_config_keys": [
    "mm0.010_mq20_bq20_snv4_md0.020_aw0.10_rw0.02_ws10000",
    "mm0.010_mq20_bq20_snv4_md0.020_aw0.10_rw0.02_ws20000",
    "mm0.010_mq20_bq20_snv4_md0.020_aw0.10_rw0.02_ws50000",
    "mm0.010_mq20_bq20_snv4_md0.020_aw0.10_rw0.02_ws100000"
  ],
  "mode": "sequential",
  "sequential_state": {
    "best_values": {
      "window_size": 50000,
      "max_mismatch_frac": 0.01,
      "min_shared_snvs_for_edge": 4,
      "merge_distance_threshold": 0.02,
      "min_mapq": 20,
      "min_base_quality": 20,
      "min_weight_for_anchor": 0.1,
      "rescued_min_weight": 0.02
    },
    "best_score": 1.6182378425804866,
    "current_pass": 1,
    "current_param_idx": 1,
    "optimization_history": [
      {
        "pass": 1,
        "param": "window_size",
        "value": 10000,
        "score": 1.2628096128079034
      },
      {
        "pass": 1,
        "param": "window_size",
        "value": 20000,
        "score": 1.4956581318409545
      },
      {
        "pass": 1,
        "param": "window_size",
        "value": 50000,
        "score": 1.6182378425804866
      },
      {
        "pass": 1,
        "param": "window_size",
        "value": 100000,
        "score": 1.403813421191277
      }
    ]
  }
}